купальник;2
купальники 2012;2
купальник куплю;2
купить купальник;2
купальники фото;2
магазин купальников;2
интернет купальники;2
купальники интернет магазин;2
купальник крючком;0
девушки +в купальниках;1
купальники +для гимнастики;1
схемы купальников;0
художественные купальники;1
купальники распродажа;1
купальники 2012 фото;2
вязаные купальники;1
размер купальника;2
купальники +для художественной гимнастики;1
secret купальники;1
купальники victoria;2
купальники victoria secret;2
купальники s;0
большие купальники;2
большой купальник;2
купальник крючком схема;1
виктория купальники;1
victoria s купальники;1
купальники victoria s secret;1
купальники оптом;1
купальники сикрет;1
виктория сикрет купальники;1
купальники слитные;2
детские купальники;2
купальники +для полных;2
спортивные купальники;1
вязание купальников;0
вязанные купальники;0
купальники гимнастические;1
купальники +для девочек;2
купальники магистраль;1
купальники больших размеров;2
купальник большого размера;2
купальники +в москве;0
где купить купальник;2
купальники +для бассейна;1
красивые купальники;2
вязание крючком купальники;0
купальники бандо;1
купить +в магазине купальник;2
недорогие купальники;2
